,service,source_doc,url
0,signal,Terms of Service & Privacy Policy,
1,signal,Signal and the General Data Protection Regulation (GDPR),
2,signal,"Grand jury subpoena for Signal user data, Eastern District of Virginia",
3,wemod,Privacy Policy,
4,wemod,Terms and Conditions,
5,whatismyip-com,Privacy Policy,
6,whatismyip-com,Terms And Conditions Of Use,
7,upcloud,Privacy policy,
8,upcloud,Terms of service,
9,mozilla-persona,Troy,
10,customink,User Agreement & Policies,
11,customink,Privacy Policy,
12,brilliant,Cookie Policy,
13,brilliant,Terms of Use,
14,brilliant,Privacy Policy,
15,clockify,Privacy Policy,
16,nextdns,Privacy Policy,
17,ebsco,Privacy Policy,
18,miraheze,Terms of Use,
19,miraheze,Privacy Policy,
20,pure,Privacy Policy,
21,jontv,Privacy,
22,cbsinteractive,Privacy Policy,
23,openmailbox,Privacy Policy,
24,zenimaxmediainc-,Privacy Policy,
25,qwant,Terms of Service,
26,toptree-cc(discontinued?),Terms of Service,
27,virtbiz,Terms of Service,
28,any-do,Application License Agreement,
29,pixel8earth,Privacy Policy,
30,pixel8earth,Terms of Use,
31,pcloud,Terms and Conditions,
32,pcloud,Privacy Notice,
33,amazonprimevideo,Amazon Interest-Based Ads,
34,amazonprimevideo,Amazon Prime Video Terms of Use,
35,amazonprimevideo,Amazon Privacy Notice,
36,sprint,Sprint Terms and Conditions,
37,stackoverflow,Terms of Service,
38,stackoverflow,Privacy Policy,
39,stackoverflow,Cookie Policy,
40,stackoverflow,"Stack Exchange, Inc. Cookie Policy",
41,stackoverflow,Public Network Terms of Service,
42,symantec,Website Terms of Use,
43,gitlab,Terms of Service,
44,gitlab,Privacy Policy,
45,vk,Terms of Service,
46,airbnb,Privacy Policy,
47,airbnb,Cookie Policy,
48,adobe,Terms of Use,
49,adobe,Privacy Policy,
50,websaver,Terms and Conditions,
51,mcdonald's,Terms and Conditions,
52,mcdonald's,Privacy Policy,
53,sanctionedsuicide,Privacy Policy,
54,kitsu,"Terms (Version 1.0; Dec 1, 2016) [Pastebin mirror]",
55,meetup,Privacy Policy,
56,meetup,Terms of Service,
57,meetup,Cookie Policy,
58,akshit'sblog,Privacy Policy,
59,roblox-com,Community Rules,
60,weebly,Terms of Service,
61,joinrun,Privacy Policy,
62,pexgle, Content Policy ,
63,pexgle,Privacy Policy ,
64,pexgle, Terms and Conditions ,
65,pexgle, Content Policy ,
66,apple,Website Terms of Service,
67,apple,Privacy Policy,
68,apple,iCloud Terms of Service,
69,apple,iTunes Terms of Service,
70,dr-mcdougall'shealth&medicalcenter,Terms of Service,
71,newegg-com,Privacy Policy,
72,yelp,Terms of Service,
73,yelp,Privacy Policy,
74,carfax,Privacy Statement,
75,instructure,Marketing Privacy Policy,
76,genius,Terms of Service,
77,genius,Privacy Policy,
78,vivaldi,Cookie Policy,
79,vivaldi,Community Privacy Policy,
80,vivaldi,End User License Agreement,
81,ynab,Privacy Policy,
82,kairossoftware,Privacy Policy,
83,jetbrains,Terms of Use,
84,jetbrains,Privacy Policy,
85,diytubevideocommunity,DIY TUBE Terms and Conditions,
86,windowslogicproductions,Terms of Service,
87,windowslogicproductions,Privacy Policy (09-04-20),
88,discogs,Terms of Service,
89,digitaladvertisingplatform|reklamstore,Cookie Policy,
90,digitaladvertisingplatform|reklamstore,Terms and Conditions,
91,square,General Terms of Service,
92,cnn,Terms of Use,
93,forbes,Terms and Conditions,
94,forbes,Privacy Statement,
95,hulu,Terms of Use,
96,hulu,Privacy Policy,
97,npm,Open-Source Terms,
98,w3schools,Cookies and Privacy Policy - About Privacy,
99,w3schools,Terms of Use - About Copyright,
100,etesync,Terms and Conditions,
101,librarything,"Privacy Policy, Community Rules, and Terms of Service",
102,surfshark,Privacy Policy,
103,surfshark,Terms Of Service,
104,wikimedia,Terms of Use,
105,wikimedia,Privacy Policy,
106,yubico,Yubico terms and conditions of sale and license,
107,algolia,Privacy Policy,
108,target,Target Privacy Policy,
109,imdb,Terms of Service,
110,pathofexile,Cookies Notice,
111,pathofexile,Terms of Use,
112,ripencc,Cookies used by the RIPE NCC,
113,ripencc,Privacy Statement,
114,ripencc,Terms of Service,
115,freecodecamp,Terms of Service,
116,steam,Steam Subscriber Agreement,
117,steam,Privacy Policy Agreement,
118,crunchyroll,Privacy Policy,
119,reputation.com,Terms of Use,
120,reputation.com,Privacy Policy,
121,coursehero,Privacy Policy,
122,coursehero,Terms of Use,
123,vox,Cookie Policy,
124,vox,Terms of Use,
125,vox,Privacy Policy,
126,osu!,Privacy Policy,
127,pricecharting,Terms of Service,
128,pricecharting,Privacy Policy,
129,guerrillamail,Terms of Service,
130,guerrillamail,About,
131,universityofsouthflorida,Privacy Policy,
132,nordvpn,Privacy Policy,
133,nordvpn,Terms of Service,
134,myspace,Terms of Service,
135,tellonym,Terms of Use,
136,goguardian,Privacy Policy,
137,xfinity,Web Services Terms of Service,
138,fandango,Terms of Use,
139,fandango,Privacy Policy,
140,fandango,Cookies and Tracking,
141,fandango,Do Not Sell My Info,
142,quora,Terms of Service,
143,quora,Privacy Policy,
144,lastpass,Terms of Service,
145,mewe,Terms of Service,
146,mewe,Privacy Policy,
147,rightsstatements,Privacy Policy,
148,chilliapps-abandonmentprotector,Chilliapps's Data Processing Addendum,
149,chilliapps-abandonmentprotector,Privacy Policy,
150,chilliapps-abandonmentprotector, Unsubscribe and delete my information from any sender using this app ,
151,chilliapps-abandonmentprotector,Terms and Conditions of Use,
152,ancestry,Terms and Conditions,
153,ancestry,Privacy Statement,
154,pythonanywhere,Terms and Conditions,
155,pythonanywhere,Privacy and Cookies Policy,
156,sonic-net,All Policies,
157,poker-engine,Privacy Policy,
158,electronicfrontierfoundation,Privacy Policy: Software and Technology Projects,
159,wikia,Terms of Use,
160,allrecipes,Privacy Policy,
161,allrecipes,Terms and Conditions,
162,virustotal,Privacy Policy,
163,runescape,Privacy Policy,
164,runescape,Terms and Conditions,
165,kongregate,User Agreement,
166,moddb-com,Privacy Policy,
167,amnestyinternationallimited(uk),Privacy Policy,
168,amnestyinternationallimited(uk),Cookie Statement,
169,lootcrate,Terms and Conditions,
170,nitrokey,Data Privacy Policy,
171,standardnotes,What information does Standard Notes collect about me?,
172,standardnotes,What services does Standard Notes use for daily operation?,
173,standardnotes,Our Privacy Manifesto,
174,liberapay,Terms of Service,
175,liberapay,Privacy,
176,tiktok,Terms of Service - EU,
177,tiktok,Privacy Policy - EU,
178,tiktok,Terms of Service,
179,tiktok,Community Guidelines,
180,tiktok,Privacy Policy - non-EU,
181,tiktok,Terms of Service - other countries,
182,protonmail,Privacy Policy,
183,protonmail,Terms of Service,
184,protonmail,Open Source,
185,protonmail,Information for Law Enforcement Authorities,
186,hackingwithswift,Privacy Policy,
187,riseup-net,Riseup and Government FAQ,
188,riseup-net,Terms of Service,
189,riseup-net,Privacy Policy,
190,codewars,Privacy Policy,
191,codewars,Website Terms of Service,
192,phone2action,Privacy Policy,
193,phone2action,Terms of Use,
194,anonaddy,Terms Of Service,
195,anonaddy,Privacy Policy,
196,discord,Terms Of Service,
197,discord,Privacy Policy,
198,samsung, Samsung Services Terms and Conditions,
199,furaffinity,Terms of Service,
200,furaffinity,Privacy Policy,
201,roblox,Terms of Use,
202,roblox,Privacy and Cookie Policy,
203,roblox,Community Rules,
204,guidefox,Privacy Policy,
205,guidefox,Terms and Conditions,
206,fandom,Terms of Use,
207,fandom,Privacy Policy,
208,attendify,Terms of Service,
209,attendify,Privacy Policy,
210,gog-com,Privacy Policy,
211,cityofreading,CoReadingWebPrivacyPolicy,
212,cityofreading,Linking Policy,
213,amazon,Conditions of Use,
214,amazon,EU-US and Swiss-US Privacy Shield,
215,amazon,Amazon Maps Terms of Use,
216,indeed.com,Terms of Service,
217,instagram,Terms of Use,
218,instagram,Data Policy,
219,instagram,About Cookies,
220,instagram,Law Enforcement,
221,instagram,Community Guidelines,
222,fok!,Privacy Policy,
223,salesmate,Privacy Policy,
224,sparknotes,Terms of Use,
225,wetransfer,Terms of Service,
226,wetransfer,Privacy Policy,
227,researchgate,Privacy Policy,
228,researchgate,Terms of Service,
229,patreon,Cookie Policy,
230,ko-fi,Terms and Conditions of Use,
231,seats2meet(s2m),Privacy,
232,rainforestalliance,Privacy Policy,
233,livearchivistblog,Privacy Policy,
234,bit-ly,Bitly Privacy Policy,
235,bit-ly,Bitly Terms of Service,
236,inruptinc,Terms of Service,
237,letterboxd,Terms and conditions,
238,letterboxd,Privacy Policy,
239,bing,Privacy Policy,
240,speaky,Privacy Policy,
241,speaky,Terms of Use,
242,bitchute,Terms & Conditions,
243,miicharacters,Privacy Policy,
244,ccleaner,What Happens to Your Data,
245,ccleaner,Privacy Policy,
246,ccleaner,End User License Agreement,
247,ryver,Privacy Policy,
248,ryver,Terms of Service,
249,hugeminiatures,Privacy Policy,
250,photofeeler,Terms of Use,
251,bitcasa,Acceptable Use Policy,
252,heretechnologies|here, Service Terms,
253,heretechnologies|here, Privacy Policy,
254,heretechnologies|here,"HERE WeGo, HERE application and HERE Maps Service Terms ",
255,heretechnologies|here,Mobility Products Privacy Policy,
256,mondosol,Cookies Policy,
257,mondosol,Privacy Notice,
258,apple-icloud,Terms of Service (US),
259,apple-icloud,Terms of Service (EU),
260,apple-icloud,Privacy policy,
261,apple-icloud,iCloud security overview,
262,apple-icloud,Canada (English) Terms and Conditions,
263,paypal-com,Privacy Statement,
264,paypal-com,User Agreement for PayPal Services,
265,rationalwiki,Privacy Policy,
266,nickwasused-com,Privacy Policy,
267,nickwasused-com,Terms of Service,
268,duolingo,Privacy Policy,
269,duolingo,Terms of Service,
270,picturethis,Terms of Service,
271,pornhub,Terms & Conditions,
272,vimeo,Terms of Service,
273,vimeo,Privacy Policy,
274,startpage,Startpage Privacy Policy,
275,paypal,Privacy Statement,
276,paypal,User Agreement (US),
277,paypal,Privacy Policy,
278,paypal,Cookie Statement,
279,web&seodesigners,T & C,
280,academia-edu,Privacy Policy,
281,hackernews,Terms of Use,
282,mastodon-social,Privacy Policy,
283,mastodon-social,Code of Conduct,
284,mastodon-social,Terms of Service,
285,brainly,Terms of Use,
286,keybase,Terms of Service,
287,pixelcatproductionsjbauth,Terms Of Service,
288,pixelcatproductionsjbauth,Privacy Policy,
289,pixelcatproductionsjbauth,Forums Terms of Service,
290,lib-reviews,Terms and Conditions,
291,isodme,Privacy Policy,
292,isodme,Terms of Service,
293,parsec,Privacy Policy,
294,parsec,Terms of Service,
295,intuitivepassword,Terms of Service,
296,yase,Privacy Policy,
297,yase,About,
298,dictionary-com,"Privacy & Cookie Policy, Terms of Service",
299,tinyurl,Terms of Service,
300,mailinator,TERMS OF SERVICE AND PRIVACY POLICY + COOKIE/INFORMATION POLICY,
301,piratepartyaustralia,Privacy Policy,
302,scientology,Privacy Policy,
303,jobaccomodationnetwork,Privacy Statement,
304,jobaccomodationnetwork,Disclaimer,
305,stackexchange,Terms of Service,
306,openweathermap,Privacy Policy,
307,jobvite,Terms of Use,
308,fosstodon,Privacy Policy,
309,openstreetmap,Privacy Policy,
310,openstreetmap,Terms of Service,
311,techsmith|screencast-com,Screencast Content Deletion Policy,
312,wigwamdesign,Privacy Policy,
313,fivestars,Privacy Policy,
314,fivestars,Legal,
315,bbc,Privacy and Cookies Policy,
316,bbc,Terms of Use,
317,urban-dictionary,Privacy Policy,
318,urban-dictionary,Terms of Service,
319,huntandjump-stablemanaginggame,Rules and Conditions,
320,icloud,Terms of Service (US),
321,icloud,Privacy policy,
322,icloud,Terms of Service (EU),
323,icloud,iCloud security overview,
324,icloud,Canada (English) Terms and Conditions,
325,waze,Cookie Policy,
326,waze,Privacy Policy,
327,waze,Copyright Policy,
328,waze,Terms of Use,
329,colloq-io,Privacy Policy,
330,colloq-io,Terms and Conditions,
331,nationalgeographic,Privacy Policy,
332,nationalgeographic,Terms of Service,
333,nationalgeographic,Sustainability Policy,
334,ics_masjidtucson,Privacy Policy,
335,skype,Terms of Use,
336,ifttt,Terms of Use,
337,ifttt,Privacy Policy,
338,internetarchive,Terms,
339,toodledo,Terms of Service,
340,toodledo,Privacy Policy,
341,runalyze,Terms of Service,
342,runalyze,Privacy Policy,
343,medium,Copyright and DMCA Policy,
344,minecraft,Terms and Conditions,
345,nanowrimo,Privacy & Terms,
346,f-lux,Privacy Policy,
347,blizzard,Privacy Policy,
348,blizzard,End User License Agreement,
349,blizzard,Blizzard Entertainment Dispute Resolution Policy,
350,last.fm,Terms of Use,
351,last.fm,CBS Privacy Policy,
352,duckduckgo,Privacy Policy,
353,psychonautwiki,Privacy policy,
354,ubuntu,Privacy Policy (EN),
355,searchencrypt,Terms of Service,
356,lichess,Privacy Policy,
357,lichess,Terms of Service,
358,ubisoft,PRIVACY POLICY,
359,ubisoft,UBISOFT TERMS OF USE,
360,itch-io,Terms,
361,itch-io,Privacy Policy,
362,totemproject,Terms of Service,
363,totemproject,Privacy Policy,
364,readthedocscommunity,Privacy Policy,
365,uiiverse,Terms of Service,
366,uiiverse,Code of Conduct,
367,grammarly,Privacy Policy,
368,grammarly,Terms of Service and License Agreement,
369,expobeds,Privacy Policy,
370,expobeds,Cookies Policy,
371,banned-video,Privacy Policy,
372,edx,Terms of Service and Honor Code,
373,edx,Privacy Policy,
374,sparkforappraisers,Privacy Policy and Terms of Use,
375,theguardian,Privacy Policy,
376,theguardian,Terms and Conditions,
377,dribbble,Privacy Policy,
378,dribbble,Terms of Service,
379,cnet,Terms of Use,
380,foxnews,Privacy Policy,
381,foxnews,Terms of Use,
382,ballotpedia,Privacy Policy,
383,roboform,RoboForm License and Terms of Use,
384,whereby,Privacy Policy,
385,flickr,Additional Terms of Service,
386,snopes,Terms Of Use,
387,huffingtonpost,Terms of Service,
388,huffingtonpost,Privacy Policy,
389,uber,Terms of Service,
390,twitch,Privacy Notice,
391,twitch,Cookie Policy,
392,twitch,Terms of Service,
393,anki,Privacy Policy,
394,goodreads,Terms of Service,
395,goodreads,Privacy Policy,
396,posteo,Terms and Conditions,
397,posteo,Privacy Policy,
398,snapchat,Privacy Center,
399,snapchat,Custom Creative Tools Terms,
400,bygabyardigo,Privacy Policy,
401,bygabyardigo,Terms Of Service,
402,bygabyardigo,Refund Policy,
403,listudy,Privacy Policy,
404,listudy,Terms of Service,
405,skycloud,Privacy Policy,
406,brave,Privacy policy,
407,brave,"Brave websites, forums and email privacy policy",
408,brave,Brave Rewards Advertiser Privacy Policy,
409,criptext,Privacy Policy,
410,spotify,Terms and Conditions of Use,
411,spotify,Privacy Policy,
412,easynews,Privacy Policy,
413,adventurer'scodex,Terms & Conditions ,
414,adventurer'scodex,Privacy Policy,
415,auttaja,Privacy Policy,
416,pepper&carrot,Terms of Service and Privacy,
417,doxy,Terms of Service,
418,doxy,Privacy Policy,
419,discovery,Visitor Agreement,
420,threemaweb,Privacy Policy,
421,tinder,Terms of Service,
422,tinder,Privacy Policy,
423,letsencrypt,Privacy Policy,
424,themodarchive,Terms & Disclaimer,
425,eve-online,EVE Online - Terms of Service,
426,uncrownedempire,Privacy Policy,
427,uncrownedempire,Terms of Use,
428,4chan,Rules,
429,mapquest,Privacy Policy,
430,kingjamesbibleapp,Privacy Policy,
431,spideroak,Terms of Use,
432,spideroak,Privacy Policy,
433,dailymotion,Copyright Notification,
434,dailymotion,Terms of Use,
435,dailymotion,Cookie Policy,
436,dailymotion,Privacy Policy,
437,leagueoflegends,Terms of Service,
438,leagueoflegends,Privacy Notice,
439,leagueoflegends,Cookie Policy,
440,liamrosenfeld-com,Privacy Policy,
441,malwarebytes,Terms of Service,
442,malwarebytes,Privacy Policy,
443,groupon,Privacy Policy,
444,bitbucket,Atlassian Cloud Terms of Service,
445,bitbucket,Privacy Policy,
446,bitbucket,Cookies & Tracking Notice,
447,etsy,Privacy Policy,
448,etsy,Terms of Use,
449,etsy,Terms of Use (updated),
450,etsy,Cookies & Similar Technologies Policy (June 2019),
451,uphold,Membership Agreement - USA Users,
452,sync,Terms of Service,
453,sync,Privacy Policy,
454,sync,Account Security,
455,crowdmark,Privacy Policy,
456,crowdmark,Terms of Service,
457,shapeshift,Privacy Policy,
458,firefox-accounts,Terms of Service,
459,firefox-accounts,"Websites, Communications & Cookies Privacy Notice",
460,how-togeek,Privacy Policy,
461,securisend,Terms of Service,
462,securisend,Privacy Policy,
463,masjidtucson,Privacy Policy,
464,creditkarma,Terms of Service (full),
465,humblebundle,Cookie Policy,
466,youtube,Terms of Service,
467,youtube,Privacy Policy,
468,youtube,Violent Criminal Organizations Policy,
469,fullcontact,Privacy Policy,
470,jagex,Terms and Conditions,
471,jagex,Cookies Policy,
472,jagex,Privacy Policy,
473,humanrightsfoundation,Privacy Policy,
474,fastmail,Privacy Policy,
475,fastmail,Terms of Service,
476,fastmail,Cookies Policy,
477,fastmail,2FA,
478,fastmail,Help and Support,
479,fastmail,How Fastmail provide a secure service,
480,biblegateway,Terms of Use,
481,biblegateway,Privacy Policy,
482,biblegateway,Widget Terms of Service,
483,tumblr,Terms of Service,
484,tumblr,Privacy Policy,
485,neurohrbytessoftware,Privacy Policy [English],
486,cloudflare,Cloudflare Self-Serve Subscription Agreement,
487,cloudflare,Cloudflare Cookie Policy,
488,cloudflare,Website Terms of Use,
489,cloudflare,Cloudflare Privacy Policy,
490,blackboard, Blackboard Privacy Statement,
491,blackboard, Blackboard Cookie Statement,
492,blackboard, Blackboard Privacy Shield Statement,
493,blackboard, Blackboard Terms of Use,
494,couchsurfing,Privacy Policy,
495,couchsurfing,Terms of Use,
496,opentradestatistics,Project goals,
497,opentradestatistics,Code of conduct,
498,vinted,Terms and conditions,
499,amazonaws, AWS Privacy Notice,
500,toptree-cc,Terms of Service,
501,toptree-cc,Privacy Policy,
502,duplicateofservice596,Terms of Service,
503,bumble,Terms of Service,
504,attainbyaetna,Privacy Policy,
505,kickstarter,Cookies & Other Technologies,
506,kickstarter,Terms of Use,
507,wikihow,Privacy Policy,
508,wikihow,Cookie Policy,
509,disqus,Terms of Service,
510,disqus,Third Party Advertising Partners,
511,disqus,Privacy Policy,
512,osmand,Privacy Policy,
513,arc-games,Terms of Service,
514,shmoop,Privacy Policy,
515,telegram,Terms of Service,
516,telegram,FAQ,
517,telegram,Privacy Policy,
518,kaspersky,Web Privacy Policy,
519,1password,AgileBits Privacy Policy,
520,1password,Terms of Service,
521,intercom,Intercom Subscription Terms of Service,
522,blendswap,Terms of Use,
523,blendswap,Licenses,
524,icann,Terms of service,
525,icann,Cookies policy,
526,icann,Privacy policy,
527,yahoo,Terms of Service,
528,yahoo,Privacy Policy,
529,yahoo,Privacy Topic Location,
530,planio,Terms and Conditions,
531,planio,Privacy Policy,
532,bitdefender,Privacy Policy for Bitdefender Home Solutions,
533,bitdefender,Privacy Policy For BitDefender Websites,
534,albine,Privacy Policy,
535,massdrop,Privacy Policy,
536,massdrop,Terms of Service,
537,nabucasa,Privacy Policy,
538,aliexpress,Terms of Use,
539,indiegogo,Terms of Use,
540,indiegogo,Cookie Policy,
541,pocket,Terms of Service,
542,pocket,Privacy Policy,
543,epicgames,Terms of Service,
544,epicgames,Privacy Policy,
545,epicgames,Enable Multi-Factor Authentication (MFA): Epic Games Account Security & Privacy,
546,offtopical-netpodcast,Privacy,
547,lydia,Privacy Policy,
548,istudiez,Privacy Policy,
549,netflix,Privacy Statement,
550,netflix,Terms of Use,
551,trello,Privacy Policy,
552,trello,Trello Privacy Policy,
553,trello,Atlassian Cloud Terms of Service,
554,habbo,Privacy Policy,
555,habbo,Terms of Service,
556,hq,Rules,
557,hq,Rest of the World Privacy Policy,
558,hq,Terms of Use,
559,genshinimpact,Privacy Policy,
560,zappos,Terms of Use,
561,shortcutworld-com,Terms of Use,
562,directly-cxautomation;expertsattheheartofai,"Privacy Policy Effective Date: Last Updated as of March 18, 2019.",
563,directly-cxautomation;expertsattheheartofai,"Terms of Service  Effective Date: Last Updated as of March 18, 2019.",
564,herbalife,Terms of Use,
565,honey,Privacy Policy,
566,controlc-com,DMCA Policy,
567,controlc-com,Terms of Use & Privacy Policy,
568,youtubekids,Privacy Notice,
569,coinbase,MARKET DATA TERMS OF USE,
570,coinbase,COINBASE USER AGREEMENT,
571,deepl,Privacy Policy,
572,idka,Terms and Conditions,
573,idka,Privacy Policy,
574,idka,Cookie Policy,
575,zoosk,Privacy Policy,
576,420a3-com,Cookie Policy,
577,420a3-com,Privacy Policy,
578,420a3-com,Terms of Service,
579,layersoflondon,Contributor Agreement,
580,ikeausa,Privacy Policy,
581,codecombat,Privacy Policy,
582,wordpress-com,Terms of Service,
583,wordpress-com,Privacy Policy (Automattic),
584,khanacademy,Terms of Service,
585,khanacademy,Privacy Policy,
586,qubesos,Privacy Policy,
587,boingo,Privacy Policy,
588,boingo,Terms of Service and Acceptable Use Policy,
589,nytimes,Privacy Policy,
590,houseparty,Privacy Policy,
591,houseparty,Terms of Service,
592,newyorktimes,Terms of Service,
593,grabcraft,Indemnity,
594,paper-li,Privacy Policy,
595,paper-li,Terms of Service,
596,razer,Privacy Policy,
597,musicbrainz,Privacy Policy,
598,musicbrainz,Data License,
599,musicbrainz,Social Contract,
600,blogspot,Privacy Policy,
601,linustechtips-com,Registration Terms,
602,linustechtips-com,Privacy Policy,
603,expertsattheheartofai,"Privacy Policy Effective Date: Last Updated as of March 18, 2019.",
604,yandex,Privacy Policy,
605,yandex,Terms of service,
606,repl-it,Repl.it Privacy Policy,
607,ebird,Terms of Use,
608,freesteamkeys,Privacy Policy,
609,freesteamkeys,Terms of Use,
610,wanikani,Terms of Service,
611,wanikani,Privacy Policy,
612,perfectprivacyvpn,Privacy Policy,
613,perfectprivacyvpn,Customer Policy,
614,youneedabudget,Terms Of Service,
615,youneedabudget,Privacy Policy,
616,quake,Privacy Policy,
617,quake,Legal Notices,
618,quake,Terms of Use,
619,quake,EULA,
620,remove-bg,Terms of  Service,
621,remove-bg,Privacy Policy,
622,tempmail,Privacy Policy,
623,kjvpce,We Respect your privacy,
624,viagogo,Terms and Conditions,
625,viagogo,Privacy Policy,
626,viagogo,Cookies Policy,
627,bluestacks,Terms of Use,
628,overleaf,Privacy & Terms,
629,kolabnow,Terms of Service,
630,statefarm,Terms of Use,
631,avaaz,Privacy Policy,
632,fireapps,Privacy Policy,
633,tapas,Terms,
634,tapas,Privacy Policy,
635,hackerwars,Privacy Policy,
636,hackerwars,Terms of Service and Use,
637,ytmp3-cc,Privacy Policy,
638,ytmp3-cc,Terms of Use,
639,inaturalist,Privacy Policy,
640,sony,Terms of Service,
641,whatsapp,Terms of Service ,
642,whatsapp,Privacy Policy,
643,cloudant,Terms of Service,
644,flightrising,Terms of Use,
645,flightrising,Privacy Policy,
646,prezi,Security,
647,prezi,Terms of Use,
648,tutanota,FAQs,
649,tutanota,CGV,
650,tutanota,Privacy,
651,aleksandartodorović(r3bl),Privacy Policy,
652,protonvpn,Does ProtonVPN store user information?,
653,protonvpn,Terms and Conditions of Service,
654,protonvpn,Privacy Policy,
655,yr,Privacy Policy,
656,redpocket,Terms and Conditions,
657,redpocket,Privacy Policy,
658,freeforums,Privacy Policy,
659,pocketcasts,Privacy Policy,
660,pocketcasts,Terms of Use – Pocket Casts Plus,
661,facebook,Cookie Policy,
662,facebook,What information does Facebook get when I visit a site with the Like button?,
663,facebook,Data Policy,
664,facebook,Terms of Service,
665,royalsocietyofchemistry,Privacy Policy,
666,mailin-vote,main page,
667,microsoft-store,Privacy Statement,
668,ctrlaltdev,Privacy Policy,
669,craigslist,Terms of Use,
670,craigslist,Privacy Policy,
671,ruqqus,Terms of Service,
672,ruqqus,Content Policy,
673,ruqqus,Legal Policies,
674,betterhelp,Terms and Conditions,
675,betterhelp,Privacy Policy,
676,sharklasers,SharkLasers Terms of Service,
677,thumbzilla,Terms of Service,
678,wikipedia,Terms of Use,
679,wikipedia,Privacy Policy,
680,crowdin,Privacy Policy,
681,honeypot,Privacy Policy,
682,spinonline,Privacy Policy,
683,dnd5e-info,Privacy Statement,
684,vudu,Terms of Service,
685,ask,Terms of Use,
686,ask,Cookie Policy,
687,ask,Privacy Policy,
688,jstor,Privacy Policy,
689,turnitin,Privacy Policy,
690,turnitin,End-User License Agreement,
691,enpass,Terms of Use,
692,archiveofourown,Terms of Service,
693,shoutwiki,Privacy Policy,
694,shoutwiki,Terms of use,
695,prioritymatrix,Privacy Policy,
696,fiverr,Privacy Policy,
697,devsoap,Privacy Policy,
698,webmd,Cookie Policy,
699,webmd,Terms and Conditions of Use,
700,webmd,Privacy Policy,
701,10minutemail,Privacy Policy,
702,newgrounds,Privacy Policy,
703,newgrounds,Terms Of Use,
704,saveourbank,Privacy policy,
705,moovweb,Corporate Website ToS,
706,blablacar,Privacy Policy,
707,blablacar,Cookies Policy,
708,blablacar,Terms and Conditions,
709,bol-d-air-net,Privacy Policy,
710,likee,TERMS OF USE,
711,likee,Privacy Policy,
712,likee,Cookie Policy,
713,shopify, Terms of Service,
714,ello,Terms,
715,bittorrent,Privacy Policy,
716,chase,Terms of Use,
717,wizardsofthecoast,Privacy Policy,
718,jonhosting,Privacy Policy,
719,microsoft,Terms of Use,
720,microsoft,Services Agreement,
721,microsoft,Privacy Statement,
722,taskade,Privacy Policy,
723,taskade,Terms of Service,
724,mycroftai,Terms of use,
725,mycroftai,Privacy Policy,
726,quizlet,Privacy Policy,
727,quizlet,Cookie Policy,
728,quizlet,Terms of Service,
729,quizlet,DMCA,
730,cengage,Terms of Use ,
731,blendermarket,Privacy Policy,
732,eyewire,Terms & Privacy Policy,
733,creativecommons,Master Privacy Policy,
734,creativecommons,Master Terms of Use,
735,nabble,Terms of Service,
736,byte,Privacy Policy,
737,byte,Terms of Service,
738,spigotmc,Terms & Rules,
739,spigotmc,Cookie Usage,
740,spigotmc,Privacy Policy,
741,rapidshare,Privacy Policy,
742,uswarrantservice,Warning,
743,hcaptcha,Privacy Policy,
744,hcaptcha,Master Terms of Service,
745,observable,Terms of Service,
746,kahoot!,Privacy Policy,
747,kahoot!,Terms and Conditions,
748,scratch,Privacy Policy,
749,scratch,Scratch Community Guidelines,
750,scratch,Terms of Use,
751,scratch,DMCA,
752,evaneos,Privacy Policy,
753,actblue,Privacy Policy,
754,actblue,The Fine Print,
755,rampow,Terms of use,
756,harpermacawshop,Privacy Policy – Harper Macaw,
757,harpermacawshop,Terms & Conditions – Harper Macaw,
758,fakku,Privacy Policy,
759,fakku,Terms of Service,
760,nokia,User Agreement,
761,softpedia,Terms and Conditions of Use,
762,at-t,Privacy Policy,
763,zillow,Terms of Use,
764,zillow,Privacy Policy,
765,mysudo,Terms of Service,
766,dashlane,Terms of Service,
767,xvideos,Terms of service,
768,xvideos,Anti-Piracy Statement,
769,xvideos,Anti-Piracy Statement,
770,gravatar,Terms of Service,
771,gladly,Privacy Policy,
772,gladly,Terms of Service,
773,faceapp,Terms of Use,
774,pinboard,Pinboard Terms of Service,
775,niche,User Agreement,
776,niche,Privacy Policy,
777,quickbooks,Intuit Terms of Service (USA),
778,coursera,Terms of Use,
779,coursera,Cookies Policy,
780,weasyl,Privacy Policy,
781,weasyl,Terms of Service,
782,packagetrackr,Terms of Service,
783,dropbox,Terms,
784,dropbox,Privacy Policy,
785,dropbox,Privacy Policy FAQ,
786,discoursehosting,Privacy Policy,
787,discoursehosting,Terms of Service,
788,blogtrottr,"Policies, Terms and Conditions",
789,openwrtforum,Privacy,
790,openwrtforum,Terms of Service,
791,whirlpool,Terms of Use,
792,venmo,User Agreement,
793,yakka,Privacy Policy,
794,cloze,Privacy Policy,
795,virtualworldcomputingcocoonmydatarewards,Terms of Service,
796,envato,Privacy Policy,
797,envato,Envato Market Terms,
798,1muslim,Terms and Conditions,
799,abc-australia,Terms of Use,
800,mozilla-org,Privacy policy,
801,mozilla-org,Website Privacy policy,
802,tacticaltech,Tactical tech's data use policy,
803,digitalocean,Terms of Service,
804,tosdr,Terms Of Service,
805,doublelist,Terms of Use,
806,github,Terms of Service,
807,github,Privacy Policy,
808,witches-livemastodon,Terms,
809,artspace,Terms of Use,
810,artspace,Privacy Policy,
811,patook,Terms of Service,
812,patook,Privacy Policy,
813,twitter,Terms of Service,
814,twitter,Privacy Policy,
815,mullvad,Privacy Policy,
816,gab,Guidelines,
817,netsymstechnologies,Legal and Service Information,
818,politics&war,Game Rules,
819,coinbase–,COINBASE COOKIE POLICY,
820,coinbase–,MARKET DATA TERMS OF USE,
821,coinbase–,CB Payments & COINBASE UK PRIVACY POLICY,
822,pythontutor,Terms of Service,
823,drop,Privacy Policy,
824,drop,Terms of Service,
825,mailfence,Terms of Use,
826,mailfence,Privacy Policy,
827,mailfence,2FA,
828,mailfence,Encryption details,
829,ankiweb,Privacy Policy,
830,ankiweb,Terms and Conditions,
831,"atlassian(incl-trello,bitbucket)",Atlassian Cloud ToS,
832,"atlassian(incl-trello,bitbucket)",Privacy Policy,
833,"atlassian(incl-trello,bitbucket)",Cookies & Tracking Notice,
834,ironhorsegames,Iron Horse Games' Privacy Policy,
835,ironhorsegames,License Terms,
836,nintendo,Nintendo Tech Support Forums Terms of Use,
837,evernote,Terms of Service,
838,evernote,Privacy Policy,
839,ebay,Cookie notice,
840,ebay,User Agreement,
841,slack,Privacy Policy,
842,slack,Terms of Service,
843,slack,Acceptable Use,
844,privacytoolsio,forum.privacytools.io Terms of Service,
845,flattr,Terms of Use,
846,flattr,Privacy Policy,
847,wattpad,Terms of service,
848,wattpad,Privacy Policy,
849,thesession,Privacy policy,
850,reddit,Privacy Policy,
851,reddit,Reddit User Agreement,
852,gov-uk,Cookies,
853,gov-uk, Privacy notice,
854,cashapp,Terms of Service,
855,cashapp,Privacy Policy,
856,cashapp,Terms of Service Square Inc,
857,kink-com,Privacy Policy,
858,kink-com,Terms of Use,
859,bitwarden,Terms of service,
860,feedly,Privacy Policy,
861,feedly,Terms of Service,
862,google,Privacy Policy,
863,myanimelist,Terms of Use Agreement,
864,myanimelist,Privacy Policy,
865,ecosia,Privacy,
866,livejournal,Terms of Service,
867,tos;drphoenix,Terms of Service and Privacy Policy,
868,soundcloud,Privacy Policy,
869,soundcloud,Terms of Service,
870,houzz,Privacy Policy,
871,houzz,Terms of Use,
872,infosechandbook,Privacy policy,
873,linewebtoon,Terms of Use,
874,musescore,Terms of Service,
875,redbubble,User Agreement,
876,redbubble,Intellectual Property and Publicity Rights,
877,redbubble,Privacy Policy,
878,privacyinternational,Privacy Policy,
879,theomnigroup,Unsolicited Idea Submission Policy,
880,plexsolutions,Privacy Policy,
881,plexsolutions,Tracking Technologies,
882,plexsolutions,Terms of Service,
883,icepop,Privacy Policy,
884,godaddy,Privacy Policy,
885,royalsocietyofchemistrypublications,Privacy Policy,
886,scrubly,Terms of Use,
887,pinterest,Privacy policy,
888,pinterest,Terms of Service,
889,pinterest,Personalization and Data Help Page,
890,linkedin,Terms of Service,
891,linkedin,Privacy Policy,
892,linkedin,Do Not Track Policy,
893,tartle,Privacy Policy & ToS,
894,projectgutenberg,Terms of Use,
895,paypal-com-duplicateofservice230,Privacy Statement,
896,metacafe,Privacy Policy,
897,metacafe,Terms of Service,
898,setlisting,Cookies and Privacy Policy,
899,setlisting,Terms of Use,
900,slither-io,Privacy Policy,
901,alignable,Terms and Conditions,
902,bose,Privacy Policy,
903,masonbee,Privacy Policy,
904,warnerbros,Privacy Policy,
905,seenthis,Intellectual Property,
906,sophos,End User License Agreement,
907,sophos,Privacy Policy,
908,speedtestbyookla,Privacy Policy,
909,speedtestbyookla,Terms of Use,
910,pixabay,Privacy Policy,
911,pixabay,Terms of Service,
912,roll20,Who owns Orr Group materials?,
913,hinterlandforums,Registration Terms,
914,hinterlandforums,Privacy Policy,
915,strava,Cookie Policy,
916,strava,Terms of Service,
917,presearch,Terms & Conditions,
918,rabbit,Terms of Service & User License,
919,bandcamp,Copyright Policy,
920,bandcamp,Terms of Use,
921,bandcamp,Privacy Policy,
922,openhumans,Data Use Policy,
923,openhumans,Public Data Guidelines,
924,nvidia,Privacy Policy,
925,mailchimp, Terms of Use ,
926,oculus,Oculus Cookie Policy,
927,olx,Policy on Cookies and Similar Technologies,
928,olx,Terms of Use,
929,olx,Privacy Policy,
930,wire,Privacy Policy,
931,e621_e926,e621:terms of service,
932,e621_e926,Takedown Policy and Process,
933,e621_e926,e621 Community Code of Conduct and Site Rules,
934,walmart,Walmart Privacy Policy,
935,thebuttonbox,Privacy policy,
936,mint.com,Terms of Use,
937,mint.com,Privacy Policy,
938,deviantart,Terms of Service,
939,deviantart,Privacy Policy,
940,xing,Terms and Conditions.txt,
941,healthline,Terms of Use,
942,healthline,Privacy Policy,
943,goodtodo,Privacy Policy,
944,zapier,Privacy Policy,
945,huawei,Privacy Policy,
946,huawei,Terms of Use,
947,huawei,Cookies Policy,
948,openbookpublishers,Privacy Policy,
949,tripadvisor,Privacy Policy,
950,tripadvisor,Terms of Service,
951,medtinker,Privacy Policy,
952,sonicdrive-in,Terms of Use,
953,tos;dr,Legal information,
954,tos;dr,About our edit tool,
955,tos;dr,Terms of Service,
956,e926,e621:terms of service,
957,e926,e621 Community Code of Conduct and Site Rules,